<?xml version="1.0" encoding="utf-8"?>
<install version="1.5" type="plugin" group="user">
	<name>User - JQuarks</name>
	<author>IP-Tech Labs</author>
	<creationDate>September 2009</creationDate>
	<copyright>(C) 2009 - 2010 IP-Tech. All rights reserved.</copyright>
	<license>http://www.gnu.org/licenses/gpl-2.0.html GNU/GPL</license>
	<authorEmail>labs@iptech-offshore.com</authorEmail>
	<authorUrl>www.iptechinside.com/labs</authorUrl>
	<version>0.3.1</version>
	<description>PLG_USER_JQUARKS</description>
	<files>
		<filename plugin="jquarks">jquarks.php</filename>
	</files>
</install>
