<?xml version="1.0" encoding="utf-8"?>
<install version="1.5" type="plugin" group="editors-xtd">
	<name>Editor Button - Code Highlight JQuarks</name>
	<author>Mohamed TOUGORTI</author>
	<creationDate>September 2009</creationDate>
	<copyright>Copyright (C) 2009 - 2010 IP-Tech. All rights reserved.</copyright>
	<license>http://www.gnu.org/licenses/gpl-2.0.html GNU/GPL</license>
	<authorEmail>mtougorti@iptech-offshore.com</authorEmail>
	<authorUrl>www.iptech-offshore.com</authorUrl>
	<version>0.3.1</version>
	<description>PLG_CODE_HIGHLIGHT</description>
	<files>
		<filename plugin="codehighlight">codehighlight.php</filename>
	</files>
	<params />
</install>