<?xml version="1.0" ?>
<joomfish type="contentelement">
  <name>JQuarks Questions</name>
  <author>Mohamed TOUGORTI</author>
  <version>0.0.1</version>
  <description>Definition for JQuarks questions</description>
  <copyright>2009 - 2010, IP-Tech</copyright>
  <reference>
  	<table name="jquarks_questions">
  		<field type="referenceid" name="id" translate="0">ID</field>
  		<field type="titletext" name="statement" translate="1">statement</field>
  		<field type="int" name="category_id" translate="0">category_id</field>
  		<field type="int" name="type_id" translate="0">type_id</field>  		
		<field type="int" name="archived" translate="0">archived</field>
  	</table>
  </reference>
  <translationfilters>
  </translationfilters>
</joomfish>